name,parent
Faculty,
Publications,
Online Resources,
Find a program,
SLAC Documents,Publications
Specialized Document Collections,Publications
Other Document Resources,Publications
Organizations and Offices,Online Resources
Database and Articles,Online Resources
Photon Science Programs,Find a program
Particle Physics and Astrophysics Programs: Accelerators,Find a program
Particle Physics and Astrophysics Programs: Experiments,Find a program
Particle Physics and Astrophysics Programs: Theory,Find a program